md,title,subtitle,date,writer
hld,Heavy-Light 분할,Heavy-Light Decomposition,2024-01-31,CHOYUNSIG
dijkstra,다익스트라 알고리즘,Dijkstra's Algorithm,2024-01-01,CHOYUNSIG
trie,트라이,Trie,2024-01-03,CHOYUNSIG
bellman_ford,벨먼-포드 알고리즘,Bellman-Ford Algorithm,,CHOYUNSIG
floyd_warshall,플로이드-워셜 알고리즘,Floyd-Warshall Algorithm,2024-01-07,CHOYUNSIG
segtree,세그먼트 트리,Segment Tree,2024-01-11,CHOYUNSIG
disjoint_set,분리 집합,Disjoint Set,2024-01-13,CHOYUNSIG
priority_queue,우선순위 큐,Prority Queue,2024-01-15,CHOYUNSIG
euler_tour_technique,오일러 경로 테크닉,Euler Tour Technique,2024-01-18,CHOYUNSIG
lca,최소 공통 조상,Lowest Common Ancestor,2024-01-20,CHOYUNSIG
lazyprop,지연 갱신 세그먼트 트리,Segment Tree with Lazy Propagation,2024-01-29,CHOYUNSIG
pst,퍼시스턴트 세그먼트 트리,Persistent Segment Tree,2024-01-30,CHOYUNSIG
flow,유량 그래프와 최대 유량,Flow Graph and Maximum Flow,2024-02-01,CHOYUNSIG
